{"Binary_cls": {
    
    "train_acc": [0.6955944498919655, 0.750800496351125, 0.777665934866931, 0.7915759148219818, 0.8002273496411867,
     0.817712446091235, 0.8214611119306496, 0.8258866202132922, 0.8374623614859295, 0.8409420258414974, 0.8441700436476601,
      0.8444737550003905, 0.8463914752562022],
      
    "val_acc": [0.7437504401098515, 0.7793817336807267, 0.7869868319132456, 0.807055841137948, 0.8024082811069643,
     0.8264910921766073, 0.825646081261883, 0.8226181254841208, 0.8308569819026829, 0.8345186958664883, 0.8394479262023801,
      0.8378987395253855, 0.8400112668121963]
      
    }}