{"transfer learning": {
    
    "train_acc": [0.49415659470026685, 0.5836841279127841, 0.6251658842163844,
 0.6597126100543672, 0.6939025956420611, 0.727478987999258, 0.7550478745415887, 0.7831732758743704,
  0.8106708143666433, 0.8307624252629175, 0.8544071690520698, 0.8708029509553504],

   "val_acc": [0.5327793817336808, 0.5884092669530315, 0.5322160411238646, 0.5856629814801775,
    0.5598901485810859, 0.5946764312372368, 0.5859446517850856, 0.5861559045137666, 0.5858038166326315,
     0.5892542778677557, 0.5663685655939723, 0.5534117315681994]
     
     }}